{
  "mean": [
    0.4007264397718791,
    0.5149018668344076,
    0.32046470511789554,
    -0.43320735876122446,
    1.8870805507591326,
    0.08026173502212851,
    0.9481092261538133
  ],
  "scale": [
    0.2567715455901937,
    0.2732496065934842,
    0.26594671761297467,
    0.5843880051987848,
    0.9974668622029923,
    0.37605608794284806,
    0.6987622862045624
  ],
  "features": [
    "gaze_pitch",
    "gaze_yaw",
    "head_pitch",
    "head_yaw",
    "head_roll",
    "relative_pitch",
    "relative_yaw"
  ]
}