{
  "mean": [
    0.1972835212945938,
    0.082124724984169,
    0.34358468651771545,
    0.0688885822892189,
    2.6526310443878174,
    -0.14630116522312164,
    0.013236143626272678,
    261.818603515625,
    400.74530029296875,
    247.6244659423828,
    378.7726745605469,
    250.56390380859375,
    377.1067199707031,
    253.8486328125,
    376.7232360839844,
    257.555419921875,
    378.126220703125,
    260.3379211425781,
    380.85296630859375,
    257.0685119628906,
    381.3880615234375,
    253.28701782226562,
    381.0904846191406,
    250.09056091308594,
    380.3609619140625,
    278.45404052734375,
    384.0970153808594,
    282.13043212890625,
    382.2447814941406,
    286.3456726074219,
    382.6819152832031,
    290.11968994140625,
    384.319580078125,
    292.93841552734375,
    386.8780517578125,
    288.8610534667969,
    387.7662658691406,
    285.2285461425781,
    387.39959716796875,
    281.6912536621094,
    386.0567626953125
  ],
  "scale": [
    0.11363362520933151,
    0.21005934476852417,
    0.34237727522850037,
    0.13484181463718414,
    0.6682240962982178,
    0.3168129622936249,
    0.27562808990478516,
    20.85984230041504,
    34.69441223144531,
    13.775774002075195,
    31.862581253051758,
    14.392393112182617,
    31.71839714050293,
    14.972176551818848,
    31.711362838745117,
    15.264007568359375,
    31.84868812561035,
    15.488862991333008,
    32.14268112182617,
    15.09906005859375,
    32.17500305175781,
    14.825279235839844,
    32.12032699584961,
    14.354340553283691,
    32.04896926879883,
    16.37245750427246,
    32.61511993408203,
    16.661958694458008,
    32.47871780395508,
    16.923757553100586,
    32.58428192138672,
    16.701316833496094,
    32.776058197021484,
    16.42350959777832,
    33.024208068847656,
    16.541887283325195,
    33.08686447143555,
    16.862855911254883,
    33.02791976928711,
    16.545154571533203,
    32.85291290283203
  ],
  "features": [
    "gaze_pitch",
    "gaze_yaw",
    "head_pitch",
    "head_yaw",
    "head_roll",
    "relative_pitch",
    "relative_yaw",
    "lm54_x",
    "lm54_y",
    "lm60_x",
    "lm60_y",
    "lm61_x",
    "lm61_y",
    "lm62_x",
    "lm62_y",
    "lm63_x",
    "lm63_y",
    "lm64_x",
    "lm64_y",
    "lm65_x",
    "lm65_y",
    "lm66_x",
    "lm66_y",
    "lm67_x",
    "lm67_y",
    "lm68_x",
    "lm68_y",
    "lm69_x",
    "lm69_y",
    "lm70_x",
    "lm70_y",
    "lm71_x",
    "lm71_y",
    "lm72_x",
    "lm72_y",
    "lm73_x",
    "lm73_y",
    "lm74_x",
    "lm74_y",
    "lm75_x",
    "lm75_y"
  ],
  "num_features": 41
}