{
  "mean": [
    0.16077376902103424,
    0.14950896799564362,
    0.3449813723564148,
    0.14374634623527527,
    2.6017417907714844,
    -0.18420761823654175,
    0.00576262129470706,
    238.3395538330078,
    385.5343933105469,
    223.18016052246094,
    356.5033874511719,
    226.72576904296875,
    354.66717529296875,
    230.83901977539062,
    354.44482421875,
    235.27322387695312,
    356.3483581542969,
    238.6841583251953,
    359.9975891113281,
    234.36541748046875,
    360.2988586425781,
    229.73336791992188,
    359.7361755371094,
    225.91864013671875,
    358.52532958984375,
    262.0451354980469,
    365.14996337890625,
    266.88525390625,
    363.1146545410156,
    272.1778869628906,
    363.8027038574219,
    276.7625732421875,
    366.0634460449219,
    280.4841003417969,
    369.56536865234375,
    275.1695556640625,
    370.37652587890625,
    270.3828125,
    369.7406921386719,
    266.0218505859375,
    367.7656555175781
  ],
  "scale": [
    0.10542101413011551,
    0.26490309834480286,
    0.2952679991722107,
    0.21659323573112488,
    0.9865545630455017,
    0.26507991552352905,
    0.3249894678592682,
    24.613285064697266,
    30.754486083984375,
    18.575044631958008,
    27.599563598632812,
    18.696090698242188,
    27.78639793395996,
    18.897720336914062,
    27.915210723876953,
    19.018035888671875,
    28.02103042602539,
    19.253173828125,
    27.923255920410156,
    19.09296989440918,
    27.923885345458984,
    18.9833984375,
    27.73874282836914,
    18.829235076904297,
    27.712360382080078,
    19.3342227935791,
    28.121692657470703,
    19.58297348022461,
    28.30177879333496,
    19.652687072753906,
    28.269046783447266,
    19.467899322509766,
    28.194143295288086,
    19.173635482788086,
    27.94985008239746,
    19.43238639831543,
    28.078310012817383,
    19.79621696472168,
    28.167394638061523,
    19.58464241027832,
    28.09112548828125
  ],
  "features": [
    "gaze_pitch",
    "gaze_yaw",
    "head_pitch",
    "head_yaw",
    "head_roll",
    "relative_pitch",
    "relative_yaw",
    "lm54_x",
    "lm54_y",
    "lm60_x",
    "lm60_y",
    "lm61_x",
    "lm61_y",
    "lm62_x",
    "lm62_y",
    "lm63_x",
    "lm63_y",
    "lm64_x",
    "lm64_y",
    "lm65_x",
    "lm65_y",
    "lm66_x",
    "lm66_y",
    "lm67_x",
    "lm67_y",
    "lm68_x",
    "lm68_y",
    "lm69_x",
    "lm69_y",
    "lm70_x",
    "lm70_y",
    "lm71_x",
    "lm71_y",
    "lm72_x",
    "lm72_y",
    "lm73_x",
    "lm73_y",
    "lm74_x",
    "lm74_y",
    "lm75_x",
    "lm75_y"
  ],
  "num_features": 41
}