{
  "mean": [
    0.40072643756866455,
    0.514901876449585,
    0.32046470046043396,
    -0.43320736289024353,
    1.8870805501937866,
    0.08026173710823059,
    0.9481092095375061,
    837.5333862304688,
    1145.54150390625,
    824.7314453125,
    1149.5638427734375,
    811.4486694335938,
    1151.2158203125,
    797.5753173828125,
    1148.869140625,
    902.9136962890625,
    1143.3375244140625,
    914.6885375976562,
    1137.68994140625,
    927.3668212890625,
    1136.442138671875,
    937.2891845703125,
    1137.4761962890625,
    946.093994140625,
    1140.0067138671875,
    936.3507080078125,
    1145.3310546875,
    927.0017700195312,
    1148.1177978515625,
    915.3862915039062,
    1147.0718994140625,
    882.6779174804688,
    1212.018310546875,
    785.0691528320312,
    1143.7159423828125,
    797.6906127929688,
    1139.9837646484375,
    811.017578125,
    1138.0091552734375,
    825.12255859375,
    1139.762939453125
  ],
  "scale": [
    0.2567715346813202,
    0.2732495963573456,
    0.26594671607017517,
    0.584388017654419,
    0.9974668622016907,
    0.37605607509613037,
    0.6987622976303101,
    143.3173828125,
    84.65072631835938,
    143.20985412597656,
    84.2339096069336,
    143.37661743164062,
    83.87096405029297,
    142.7430877685547,
    83.47000122070312,
    142.42483520507812,
    87.10433959960938,
    142.44119262695312,
    87.92102813720703,
    142.1586456298828,
    88.54964447021484,
    140.6433868408203,
    88.87703704833984,
    139.17770385742188,
    88.90450286865234,
    139.78509521484375,
    88.5269775390625,
    140.86029052734375,
    88.0461654663086,
    141.49478149414062,
    87.77778625488281,
    149.25331115722656,
    92.28802490234375,
    141.8573455810547,
    83.01127624511719,
    143.64439392089844,
    83.75392150878906,
    144.75782775878906,
    84.44674682617188,
    144.37295532226562,
    84.75983428955078
  ],
  "features": [
    "gaze_pitch",
    "gaze_yaw",
    "head_pitch",
    "head_yaw",
    "head_roll",
    "relative_pitch",
    "relative_yaw",
    "lm64_x",
    "lm64_y",
    "lm65_x",
    "lm65_y",
    "lm66_x",
    "lm66_y",
    "lm67_x",
    "lm67_y",
    "lm68_x",
    "lm68_y",
    "lm69_x",
    "lm69_y",
    "lm70_x",
    "lm70_y",
    "lm71_x",
    "lm71_y",
    "lm72_x",
    "lm72_y",
    "lm73_x",
    "lm73_y",
    "lm74_x",
    "lm74_y",
    "lm75_x",
    "lm75_y",
    "lm54_x",
    "lm54_y",
    "lm60_x",
    "lm60_y",
    "lm61_x",
    "lm61_y",
    "lm62_x",
    "lm62_y",
    "lm63_x",
    "lm63_y"
  ],
  "num_features": 41
}